id,season,name
0,,"Good News Bad News"
1,1,"Male Unbonding"
2,1,"The Stake Out"
3,1,"The Robbery"
4,1,"The Stock Tip"
5,2,"The Ex-Girlfriend"
6,2,"The Pony Remark"
7,2,"The Busboy"
8,2,"The Baby Shower"
9,2,"The Jacket"
10,2,"The Chinese Restaurant"
11,2,"The Phone Message"
12,2,"The Apartment"
13,2,"The Stranded"
14,2,"The Statue"
15,2,"The Heart Attack"
16,2,"The Revenge"
17,2,"The Deal"
18,3,"The Note"
19,3,"The Truth"
20,3,"The Dog"
21,3,"The Library"
22,3,"The Pen"
23,3,"The Parking Garage"
24,3,"The Cafe"
25,3,"The Tape"
26,3,"The Nose Job"
27,3,"The Alternate Side"
28,3,"The Red Dot"
29,3,"The Suicide"
30,3,"The Subway"
31,3,"The Pez Dispenser"
32,3,"The Boyfriend 1"
33,3,"The Boyfriend 2"
34,3,"The Fix Up"
35,3,"The Limo"
36,3,"The Good Samaritan"
37,3,"The Letter"
38,3,"The Parking Space"
39,3,"The Keys"
40,4,"The Trip 1"
41,4,"The Trip 2"
42,4,"The Pitch"
43,4,"The Ticket"
44,4,"The Wallet"
45,4,"The Watch"
46,4,"The Bubble Boy"
47,4,"The Cheever Letters"
48,4,"The Opera"
49,4,"The Virgin"
50,4,"The Contest"
51,4,"The Airport"
52,4,"The Pick"
53,4,"The Movie"
54,4,"The Visa"
55,4,"The Shoes"
56,4,"The Outing"
57,4,"The Old Man"
58,4,"The Implant"
59,4,"The Junior Mint"
60,4,"The Smelly Car"
61,4,"The Handicap Spot"
62,4,"The Pilot 1"
63,4,"The Pilot 2"
64,5,"The Mango"
65,5,"The Puffy Shirt"
66,5,"The Glasses"
67,5,"The Sniffing Accountant"
68,5,"The Bris"
69,5,"The Lip Reader"
70,5,"The Non-Fat Yogurt"
71,5,"The Barber"
72,5,"The Masseuse"
73,5,"The Cigar Store Indian"
74,5,"The Conversion"
75,5,"The Stall"
76,5,"The Dinner Party"
77,5,"The Marine Biologist"
78,5,"The Pie"
79,5,"The Stand-In"
80,5,"The Wife"
81,5,"The Raincoats 1"
82,5,"The Raincoats 2"
83,5,"The Fire"
84,5,"The Hamptons"
85,5,"The Opposite"
86,6,"The Chaperone"
87,6,"The Big Salad"
88,6,"The Pledge Drive"
89,6,"The Chinese Woman"
90,6,"The Couch"
91,6,"The Gymnast"
92,6,"The Soup"
93,6,"The Mom & Pop Store"
94,6,"The Secretary"
95,6,"The Race"
96,6,"The Switch"
97,6,"The Label Maker"
98,6,"The Scofflaw"
99,6,"Highlights of 100 1"
100,6,"Highlights of 100 2"
101,6,"The Beard"
102,6,"The Kiss Hello"
103,6,"The Doorman"
104,6,"The Jimmy"
105,6,"The Doodle"
106,6,"The Fusilli Jerry"
107,6,"The Diplomat''s Club"
108,6,"The Face Painter"
109,6,"The Understudy"
110,7,"The Engagement"
111,7,"The Postponement"
112,7,"The Maestro"
113,7,"The Wink"
114,7,"The Hot Tub"
115,7,"The Soup Nazi"
116,7,"The Secret Code"
117,7,"The Pool Guy"
118,7,"The Sponge"
119,7,"The Gum"
120,7,"The Rye"
121,7,"The Caddy"
122,7,"The Seven"
123,7,"The Cadillac 1"
124,7,"The Cadillac 2"
125,7,"The Shower Head"
126,7,"The Doll"
127,7,"The Friars Club"
128,7,"The Wig Master"
129,7,"The Calzone"
130,7,"The Bottle Deposit 1"
131,7,"The Bottle Deposit 2"
132,7,"The Wait Out"
133,7,"The Invitations"
134,8,"The Foundation"
135,8,"The Soul Mate"
136,8,"The Bizarro Jerry"
137,8,"The Little Kicks"
138,8,"The Package"
139,8,"The Fatigues"
140,8,"The Checks"
141,8,"The Chicken Roaster"
142,8,"The Abstinence"
143,8,"The Andrea Doria"
144,8,"The Little Jerry"
145,8,"The Money"
146,8,"The Comeback"
147,8,"The Van Buren Boys"
148,8,"The Susie"
149,8,"The Pothole"
150,8,"The English Patient"
151,8,"The Nap"
152,8,"The Yada Yada"
153,8,"The Millennium"
154,8,"The Muffin Tops"
155,8,"The Summer of George"
156,9,"The Butter Shave"
157,9,"The Voice"
158,9,"The Serenity Now"
159,9,"The Blood"
160,9,"The Junk Mail"
161,9,"The Merv Griffin Show"
162,9,"The Slicer"
163,9,"The Betrayal"
164,9,"The Apology"
165,9,"The Strike"
166,9,"The Dealership"
167,9,"The Reverse Peephole"
168,9,"The Cartoon"
169,9,"The Strongbox"
170,9,"The Wizard"
171,9,"The Burning"
172,9,"The Bookstore"
173,9,"The Frogger"
174,9,"The Maid"
175,9,"The Puerto Rican Day"
176,9,"The Clip Show 1"
177,9,"The Clip Show 2"
178,9,"The Finale 1"
179,9,"The Finale 2"
180,,"Reunion Special:The Seinfeld Story"
